id,SalePrice
0,11.732620860594748
1,11.951592769036925
2,12.089290353515583
3,12.09463291419152
4,12.193863422975637
5,12.113315418282014
6,12.033489417515334
7,12.069588108436237
8,12.130501129671485
9,11.703554247483803
10,12.218453119115567
11,11.448858546335996
12,11.478974903947247
13,11.954765328384845
14,11.933968835827732
15,12.863890555848407
16,12.411459588821367
17,12.629400247287531
18,12.423096736231578
19,13.054616272824623
20,12.681070319450985
21,12.24124713671794
22,12.064569173774363
23,12.096111441053475
24,12.05738390738395
25,12.172389851461812
26,12.69698005528384
27,12.3395091698698
28,12.238961320989361
29,12.127905540525099
30,12.160127457019938
31,11.546398774321766
32,12.093407745617768
33,12.61199709013257
34,12.609310497887723
35,12.328173134912644
36,12.1813599836843
37,11.923154485668157
38,11.929309200476462
39,11.949284533160503
40,12.076317688198435
41,12.059075333750698
42,12.536377757632254
43,12.349372515004731
44,12.27186662829483
45,12.100561425953874
46,12.263333567240252
47,12.172515639479743
48,12.03232320031772
49,11.931824282999905
50,11.935843133788914
51,12.047982023606412
52,11.955385533044186
53,11.975482226153272
54,12.070496947794204
55,11.97839679161429
56,11.911465502645498
57,11.782093345871678
58,12.291308735515877
59,11.83948464522705
60,11.888008865518172
61,11.993617712761164
62,11.627264239554407
63,11.756747065642907
64,11.713307696274164
65,11.756406445429961
66,11.54607321489213
67,11.764169506343436
68,11.88462542378196
69,12.044567490716497
70,11.659383463736066
71,11.612678652302037
72,11.92569095474291
73,11.64950247062078
74,11.927393118324494
75,11.67618275433971
76,11.229646386111607
77,12.076814779985165
78,12.30287191759741
79,11.492935586472301
80,11.900276158947483
81,11.831454824615811
82,12.290460211158951
83,11.27228824790258
84,11.532864885269971
85,11.687264280389426
86,11.783758360832554
87,11.792423414562254
88,11.585232359073151
89,11.858351090778724
90,11.668079533404207
91,11.81984124508656
92,11.808653969874909
93,11.592698460577058
94,12.001713670502818
95,11.398745946483096
96,11.671501333803608
97,11.38853777951119
98,11.539790289361434
99,11.913180480103906
100,11.778175555332629
101,11.744169528554181
102,11.742834646492648
103,12.004355941669438
104,11.904492813663666
105,12.25359561662074
106,11.307081575005125
107,12.302223742181276
108,11.790319988172637
109,11.709944651617331
110,11.687728273685039
111,11.885774272275599
112,12.401932527027803
113,11.708211104793667
114,12.215204422287524
115,12.24879506986303
116,12.225795546109511
117,11.950126473064186
118,11.853081287940586
119,12.18293163329615
120,11.85762730086929
121,11.781357156431804
122,12.700521360965528
123,12.383369574717861
124,11.852408698237085
125,11.174178012883178
126,11.581492424663049
127,11.915636813728472
128,11.56132691910522
129,11.808756065763413
130,11.556681836873524
131,11.709622246484853
132,11.650605794293936
133,11.744180653889904
134,11.621616869176135
135,12.385267650996946
136,11.972570359937293
137,12.084245771873128
138,12.192119644399918
139,12.155952776214393
140,11.218456776045668
141,11.571722235639687
142,11.37702100207778
143,12.537189925107597
144,12.42609251017637
145,12.020139068981578
146,11.970988556818682
147,12.257586067980437
148,12.197206171076685
149,11.961808671684206
150,11.919376531392723
151,11.981905318385902
152,12.006079572161266
153,11.732914473114326
154,11.334328356468843
155,11.272657439532288
156,11.369818965880718
157,11.754182289852153
158,11.789345500507839
159,11.90419037348684
160,11.833032496070315
161,11.912817023095824
162,12.570110421502607
163,12.251428809995062
164,11.763444403066387
165,12.041914101569
166,12.115094700151715
167,12.549242310272774
168,12.059905131292014
169,12.685587166915973
170,12.294324826291342
171,12.450877481497514
172,12.039794906539138
173,12.075070953358118
174,12.09006497230725
175,11.981043015593087
176,12.073269202390975
177,12.283532481109283
178,12.087802100450912
179,12.41811258097875
180,12.094823928488738
181,12.294202651372133
182,12.350302484473838
183,12.335114068717068
184,12.098850954695294
185,11.957463564879365
186,11.989358457956646
187,11.874017716208924
188,11.847583586947874
189,11.72365726429092
190,11.711037873633336
191,11.443040894999353
192,11.468911620824155
193,11.96875802510515
194,11.968608912629211
195,11.94434755574986
196,11.950201456664681
197,11.958643802870066
198,11.889462157678842
199,11.891749639732044
200,13.006389839376178
201,12.850337404512375
202,12.844666852494354
203,12.954754012799418
204,12.666399064878513
205,12.733891351172204
206,12.801313765234251
207,12.709697709153923
208,12.578725150991676
209,12.726502045972993
210,12.451916900606552
211,13.073147708054158
212,12.630857187921272
213,12.439247353487147
214,12.130634709344596
215,12.136341191988222
216,12.258709207257592
217,13.046416237719207
218,12.830149890838262
219,12.640042793148488
220,12.408558607069173
221,12.620350466703426
222,12.170991011297238
223,12.042311122519699
224,12.086764276323196
225,12.052690317723718
226,12.038751270849614
227,12.112190356593873
228,12.150793110565195
229,12.119253624972718
230,12.085136870146453
231,12.502172550636516
232,12.039785526568878
233,12.10245914353277
234,12.044069205357303
235,12.489951816696259
236,12.02960510847341
237,12.73060167946835
238,12.64765120086187
239,12.375933391641402
240,12.476783131583884
241,12.425776095875321
242,12.447369198978874
243,12.58483349638906
244,12.343205328267587
245,12.937323068046469
246,12.271064785676325
247,12.271410729300197
248,12.552523621869723
249,12.29970983530977
250,12.512027735436966
251,12.360769015466651
252,12.450264618806079
253,12.30931105931511
254,12.213617544138774
255,12.060180363252972
256,12.027400941270125
257,11.759840530134525
258,12.203357046257711
259,12.414834420690646
260,12.039803183121021
261,11.735896681057776
262,11.959193034224915
263,12.225800346641126
264,12.352852507564148
265,12.112487755230031
266,12.036760745451561
267,12.141229446709204
268,12.014441116377006
269,11.952100801996037
270,11.732141723161416
271,11.79430644720022
272,11.758118669533316
273,11.797803966288233
274,11.761723639075699
275,11.67025966120182
276,12.737551274217575
277,12.259118454640316
278,12.476454284207716
279,12.081226085607073
280,12.020468917141029
281,12.070499050295236
282,12.058630174483183
283,12.673339772682345
284,12.426717667895202
285,12.412319710172842
286,12.281852606106064
287,12.202403030239157
288,12.017350188779815
289,11.879835386965205
290,12.350016188067944
291,11.745339692449413
292,11.872826719163
293,12.251167932574074
294,12.023563623608165
295,11.734200950080059
296,11.722196296964116
297,11.91141042655928
298,12.023856546611167
299,11.994925172083484
300,11.920219310417826
301,12.06531355467307
302,12.01601015235132
303,11.647015871280509
304,12.013899997154596
305,12.006657263387542
306,12.148787140164641
307,11.862737418087006
308,12.044688016618089
309,11.816189823524887
310,11.824936550405106
311,11.846654839476953
312,11.829076306664078
313,11.787823115662677
314,11.822784882238746
315,11.693376337107884
316,11.678709869059269
317,11.776217616897146
318,11.670323305874614
319,12.10436435452307
320,11.831856263225605
321,11.496369729559484
322,11.789224520048982
323,11.431390518041555
324,11.671396785469156
325,11.860367782584971
326,11.973768149985226
327,11.02034092257111
328,11.44091091358327
329,11.296844479830087
330,11.990870444290744
331,11.938804968188242
332,11.813999531355503
333,11.863936745591387
334,11.840931368084812
335,11.678554976953501
336,11.661753707205428
337,11.75132464244332
338,11.67065556822255
339,11.765506599327654
340,11.742896696212602
341,11.991910982367383
342,11.956389435653374
343,11.854774847353719
344,11.825081743820164
345,11.664123874354587
346,11.867965920266759
347,11.675522301597965
348,11.74107475476419
349,11.855622670375224
350,11.602810460154437
351,11.64610322864161
352,11.714356251196888
353,11.562580984898775
354,10.997631924808019
355,11.543545537734508
356,11.707721456847121
357,11.796235394377975
358,11.6296847978073
359,11.160389156696365
360,11.674324947845244
361,11.895950327927949
362,10.9689122377256
363,11.740653833030555
364,11.774092161285607
365,11.471550425790209
366,11.614599918734685
367,11.79321077773135
368,11.644535712513193
369,11.927991243975343
370,12.064763998693468
371,11.541745636656977
372,11.902614352048058
373,11.704296167465445
374,12.122197246439448
375,11.757845967191505
376,11.496529646140099
377,11.81844910218336
378,11.321153893394708
379,11.976462821283409
380,11.87964973298891
381,11.463332575454006
382,11.872104692149074
383,11.76166003589115
384,11.849328165197623
385,11.921265814514056
386,11.876501753636019
387,11.08077127349634
388,11.745759836870343
389,11.775972539715513
390,11.900641850817888
391,11.785903962681775
392,11.80699270813985
393,12.076879753840712
394,11.885872376184512
395,12.296169878293512
396,11.96480797261778
397,11.811635202934472
398,11.72585489764398
399,11.905639425665077
400,11.716182179684361
401,12.428960301226828
402,12.425198615341733
403,12.425198615341733
404,12.678179697915294
405,12.688444223626936
406,12.393687929014696
407,12.606828233925775
408,12.194266149561379
409,12.351570609415939
410,12.445253435671827
411,12.073870041732762
412,12.339872144882284
413,11.81388851754685
414,12.216751036477808
415,12.15628160677556
416,12.215440809300267
417,12.254922585793752
418,11.79817275963554
419,11.826447149511646
420,12.368146995336538
421,12.4518052505205
422,12.194625642602189
423,12.297403144182173
424,12.42812674601694
425,12.590911479980821
426,12.22486622755724
427,12.535259551030077
428,12.006961576413016
429,11.801632082219035
430,11.860914384155187
431,11.625782047912164
432,11.834836070599016
433,11.77755943421746
434,11.897025430390961
435,11.734529023689706
436,11.630858567762079
437,11.557228624019194
438,11.756273462218317
439,11.939612257362441
440,11.992226911021248
441,11.788188086517241
442,12.287242522908775
443,11.839207860518036
444,12.051187832079005
445,11.853403863776826
446,12.167064012028275
447,11.620440778382285
448,11.823076087125719
449,11.745535183831294
450,12.15241105265762
451,12.453052721549355
452,11.886905148830124
453,11.061133496198906
454,12.642527860247105
455,11.169572932349029
456,12.456910949861559
457,11.82522411772643
458,11.953432825586793
459,11.960957848081422
460,12.908718209686525
461,12.672614978205047
462,12.180550604525251
463,12.333898830993707
464,12.30698091248415
465,12.81954905191771
466,11.834014533665277
467,12.00594249208205
468,11.74408673951727
469,11.738175933617063
470,11.842196282793608
471,11.824669429340465
472,12.055950751409167
473,12.105804276737585
474,12.085513659108269
475,12.127771088757862
476,12.096613138803681
477,12.035716365361324
478,12.439858068137433
479,12.183978152804416
480,12.079736627026096
481,12.151543831936019
482,12.176618381627422
483,12.667895894511526
484,12.786128581763803
485,12.004889526615049
486,12.625397489909588
487,12.01012907159458
488,12.412308243931532
489,12.13145609780026
490,12.464195283903335
491,12.334419567097912
492,12.008851651004738
493,12.234563285977584
494,11.800713772195556
495,12.4569717265032
496,11.995779279839352
497,12.64981905948585
498,11.873405307608824
499,11.641906359309944
500,11.698115586033373
501,11.435118313372229
502,11.507901643590142
503,11.646755344696535
504,11.96360463874917
505,11.934268101855265
506,12.579533789096551
507,12.85030749352656
508,12.825945549063535
509,12.953799497295117
510,12.912820153541292
511,12.79017120778896
512,12.51534821061934
513,12.672343029590394
514,12.98384336503467
515,12.539151654126627
516,12.79230091896051
517,12.758352427616437
518,12.686653039156653
519,12.17272419758011
520,12.731921509692661
521,12.336472269891583
522,12.304945014408277
523,12.05426029976035
524,12.229020117736207
525,12.278852042085157
526,12.107568749913545
527,12.079747312543866
528,12.098669434927388
529,12.293648331972216
530,12.273104868162996
531,12.291060333915992
532,12.07452539089807
533,12.405922127112964
534,12.11076263790584
535,12.46439986273965
536,12.712750540961638
537,12.74338898960364
538,12.423983546673375
539,12.63559741601982
540,12.452400112449173
541,12.372733947385374
542,12.45169846618678
543,12.482164041627039
544,12.311330443471984
545,12.29739359857006
546,12.400653211569434
547,12.250411543509715
548,12.160918732851533
549,12.159774049455544
550,11.810616612372856
551,12.120308865621078
552,12.106755218642363
553,12.134972851682132
554,12.17115677529665
555,12.145819427956553
556,12.223877300830324
557,11.729871980926648
558,11.777933428715746
559,11.738535694019387
560,11.68623950181254
561,12.075250631927902
562,11.927557144708272
563,12.239575985906038
564,12.697514769076259
565,12.140090845754782
566,11.916658673925431
567,11.933409550631422
568,12.031458688917008
569,12.512302460080281
570,12.286275976381166
571,12.431475248498023
572,12.47278977096443
573,12.009705247473088
574,12.201159950553265
575,12.1232074736621
576,12.138766275511315
577,12.600818530748054
578,12.181553605512072
579,12.896809079673114
580,12.481137734075833
581,12.219165623242626
582,12.038589072780882
583,12.051649098030126
584,12.337198424999908
585,11.819788649796969
586,11.938612977428438
587,11.813756904556191
588,11.79151751763646
589,12.019326105690144
590,11.55820128472971
591,11.811963054151247
592,11.870420937437387
593,11.27470480070633
594,11.981171193002247
595,11.775201078977592
596,11.770886301877004
597,12.286793282506986
598,11.80288243087543
599,11.987441629139258
600,12.08869210505067
601,11.842872646783952
602,11.652229807896562
603,11.849765285294545
604,11.77522169136503
605,12.033688317854818
606,11.689754985528298
607,11.83881917465511
608,11.419386088933159
609,11.615710584649799
610,11.43546196874897
611,11.814373383169642
612,11.799309334799203
613,12.119695560430982
614,11.880438913257832
615,11.721125381024892
616,11.887165420764477
617,11.781521094973511
618,11.832208349170395
619,11.670409133071537
620,11.717945866659123
621,11.774048502173791
622,11.923587994665317
623,11.645572126002795
624,11.825323905256997
625,11.673632506235297
626,11.704159731701106
627,11.562660017597892
628,11.439285883797863
629,11.73416557734271
630,11.68167313531178
631,11.813454163174837
632,11.775923160011383
633,11.908779493668224
634,11.887762321909522
635,11.408402212987152
636,11.477379696988743
637,11.881663020256573
638,11.057397761135839
639,11.543585523359667
640,11.705751385965572
641,11.896092819013742
642,11.509776724330228
643,11.755597188777704
644,11.72318075655306
645,11.15357559156725
646,12.355745355333738
647,11.686818185188649
648,11.658662990829857
649,11.750077720600485
650,11.937255070650112
651,11.812114016635247
652,11.65666566346814
653,11.595460397411452
654,11.867556776421738
655,11.641298902709927
656,11.858781568806462
657,11.705307623006135
658,11.586183853860945
659,11.546836281532277
660,11.439700378764096
661,11.442451376634518
662,11.430484703968403
663,12.102132217671508
664,11.839564354522814
665,12.000366604630146
666,11.878593150495407
667,11.713432739691761
668,11.479338865406572
669,11.876895233395524
670,11.936934710963492
671,11.668596404046331
672,11.637485870510085
673,11.73423661419796
674,11.533993561914643
675,11.322126313123423
676,11.693944077278175
677,11.859905471485629
678,11.937474409121261
679,11.809079351306755
680,11.795690522571684
681,11.832894705654692
682,11.894171106349654
683,11.634348488587024
684,11.777435583071153
685,11.91144621274912
686,11.945455136628519
687,11.756508930814002
688,11.810539932850515
689,12.337664398749508
690,11.8603992909631
691,11.932496444264181
692,11.91624435374977
693,11.608506101539614
694,11.797554547082726
695,12.274135580628151
696,12.420179514652231
697,12.362468681533098
698,12.251731853406243
699,12.054753635548941
700,12.450180958846985
701,12.951961140047802
702,12.75429831533619
703,12.45666708928717
704,12.06522557586105
705,11.877442337912711
706,12.228223742084547
707,12.23232638003736
708,12.180819216212285
709,12.295864715015105
710,11.856834432301882
711,11.868537692187997
712,11.965769562047546
713,12.399331133026983
714,12.623191632034782
715,12.702166345705946
716,12.486734939804291
717,12.304951759151177
718,11.868342137404007
719,12.089279406122236
720,12.173675964476248
721,12.329894766744998
722,12.176573627827008
723,11.833724220211803
724,11.745904862858636
725,11.906028905808983
726,11.924417723818665
727,11.962783568810035
728,12.080450194554958
729,11.331078809419498
730,11.386516731657338
731,11.476602549985133
732,11.494938072190763
733,11.50942638935194
734,11.593399046822615
735,11.603859505148984
736,11.608515650622213
737,11.983119969394684
738,11.9554894946917
739,11.845014830845898
740,11.782670627279792
741,12.188852171287385
742,11.976337032722473
743,12.069846608456244
744,11.657980587118047
745,11.756629510318513
746,12.287388203955148
747,12.324697207033543
748,12.13407936164961
749,11.653674013133914
750,11.635271219408617
751,11.59465888474373
752,11.577387261731664
753,11.816918460913248
754,11.523280112638268
755,11.90995504547473
756,11.221819523133995
757,11.400016067819992
758,11.07961932797846
759,11.164564781411281
760,12.661382964798463
761,12.494458576179994
762,12.537571578733337
763,12.325586069052287
764,11.842220223226791
765,12.006350152815553
766,12.208620688299739
767,12.52512610406526
768,12.337017427679157
769,11.961495671464323
770,12.276325334792006
771,12.05091931618278
772,12.081754065516536
773,12.383408287368532
774,12.209980855819563
775,12.492766302795948
776,12.7694286303824
777,12.246795504927686
778,11.63761553580435
779,12.030960860242239
780,11.90774974581534
781,11.837620318799264
782,11.767248547569725
783,11.444205329173299
784,11.43060702579468
785,11.891667491677008
786,11.530843314659318
787,11.739517274259278
788,11.753974000237758
789,11.818452704178902
790,11.66988192312574
791,12.054760353598097
792,11.9911146946598
793,12.103431462733763
794,12.147392480153448
795,12.107604994219976
796,12.173416042683883
797,12.10185129639344
798,12.0811725713051
799,11.938477954181543
800,12.15656088912051
801,12.221650059107272
802,12.711581466173412
803,12.916002391224046
804,11.982076843289457
805,12.537065331052007
806,12.725452623505035
807,12.84342315844478
808,12.011742821468056
809,12.105594038166924
810,12.375546944728654
811,12.23112223321699
812,12.024663405793452
813,12.049154774113068
814,11.99431270513466
815,11.992033407782259
816,12.093351051810968
817,11.958546795008717
818,11.724045044259672
819,11.655935334296407
820,12.06624440387653
821,12.07181878062044
822,11.439552989493677
823,11.600489134343816
824,11.871650245629597
825,11.765460519376129
826,12.741204620015047
827,12.512977864889884
828,12.790378409663916
829,12.953924374579223
830,12.651250211466186
831,12.865160569886052
832,13.053343011312295
833,12.885152286135527
834,12.988078925755373
835,12.506354413221247
836,12.66504054517717
837,12.647210607947372
838,12.825165343359316
839,12.652846851890207
840,12.563491463230765
841,12.376284833774259
842,12.402340461633738
843,12.409515721666189
844,12.074117790869867
845,12.083014279849209
846,12.138048212849558
847,12.31063144488364
848,12.537618904508848
849,12.304077359463363
850,12.225041814266119
851,12.071150713357838
852,12.074749772258723
853,12.064934617831142
854,12.081645431823567
855,12.129716409061485
856,12.105924391133321
857,12.070979638344557
858,12.081620842589336
859,12.103905233138011
860,12.358163356583281
861,12.049130794384572
862,12.098700933813696
863,12.034902300661667
864,12.300866802981878
865,12.027175788938788
866,12.25423040289563
867,12.281336992033456
868,12.101553970973125
869,12.091219540239026
870,12.757724662110094
871,12.901306680134857
872,12.63297464874457
873,12.493443656334263
874,12.469082940530031
875,12.690498370287683
876,12.19537113881267
877,12.523360008214167
878,12.35947170640041
879,12.84146771647096
880,12.295693733641892
881,12.383733383685474
882,12.30616069562211
883,12.361195228170153
884,12.411371563559653
885,12.270335762243844
886,12.181498972630516
887,12.324983641815583
888,11.978440024298187
889,12.53985665114016
890,12.450035126089572
891,12.356489793204567
892,12.251131948921286
893,11.657868628181731
894,11.995200048969421
895,11.924942644999927
896,12.218018771419485
897,12.178550710776241
898,11.755590095419102
899,11.708080138542522
900,11.845384929632957
901,12.504283402275213
902,11.874733166110172
903,11.900636582608207
904,12.265795558357777
905,12.196640231633806
906,12.324252253344849
907,12.193437455687112
908,12.321150318952357
909,12.04047924495097
910,12.044491729079969
911,12.029822468332918
912,12.477447246681269
913,12.579448974596664
914,12.406889133052724
915,12.469736821125963
916,12.676392887013451
917,11.818953050297303
918,12.127143587130497
919,11.880288412896054
920,11.970125600153697
921,12.150285050370941
922,12.287767603717848
923,12.36892578576596
924,11.933980695559766
925,11.854374884526125
926,11.833143733270944
927,11.524569346927699
928,11.761438294629984
929,11.880541353173566
930,11.791488878532608
931,11.645079645179848
932,11.99391683504711
933,11.879994784764005
934,12.187250310105501
935,11.878764829795808
936,12.196170250466421
937,11.723257497345193
938,10.900032977984203
939,10.979737307803013
940,11.637351197884685
941,11.820203000598415
942,11.777733644758236
943,11.903752670752404
944,11.989670039844816
945,11.789860987936795
946,11.762679320920466
947,11.843768928103337
948,11.804360603401005
949,12.009401432267486
950,11.716181549033822
951,11.963711573814834
952,11.86329705545002
953,11.814942934311382
954,11.770418418040315
955,11.740261642788424
956,11.764176838781262
957,11.677896060034842
958,11.714884427789773
959,11.742951595926634
960,11.88865360175922
961,11.698819228933639
962,11.710891010058544
963,11.877780582442416
964,12.002824770079163
965,11.74085457962325
966,11.798442244460148
967,12.052295673824093
968,11.660159902858982
969,11.750965142170793
970,11.573826270981
971,11.796851055617084
972,11.865770006816225
973,11.860676832270633
974,11.913016165756956
975,11.570174081906673
976,11.65896856427284
977,11.756042999713195
978,11.616067471043275
979,11.730626430683987
980,11.54264530501551
981,11.553008421724654
982,11.636828320276877
983,11.743603681056811
984,11.403867999844195
985,11.793500274036704
986,12.19942559852566
987,11.840750668708926
988,11.653230995053738
989,11.957183477519695
990,11.66865022228057
991,12.2186691302569
992,11.475064572606975
993,11.676060772981092
994,11.541462969941334
995,11.832787689533236
996,11.6606188908679
997,11.62125564089084
998,11.620739107239778
999,11.845227486873064
1000,11.644722193760236
1001,11.750182387994053
1002,11.682918275121837
1003,11.954801040303916
1004,11.828785296259658
1005,11.669922545563068
1006,12.028351286210954
1007,11.487186222608926
1008,11.375177473490094
1009,12.085098765288011
1010,12.183010180103453
1011,12.03647522420809
1012,11.666576606671757
1013,11.468559121455396
1014,12.326498060994867
1015,11.640905949294366
1016,11.779026767814509
1017,11.990106302537399
1018,11.65741081379926
1019,11.826914675616953
1020,11.706670077802967
1021,11.808585653869299
1022,11.680024452115827
1023,11.708155322596072
1024,11.685411179142829
1025,11.944713484388323
1026,12.076685127112802
1027,12.007471919859881
1028,11.84229363564324
1029,11.895798072945759
1030,11.350121604670695
1031,12.070215767022127
1032,11.842163485525052
1033,11.990303639693446
1034,11.535137941860695
1035,12.28350855608111
1036,11.88415798177093
1037,11.69209532859783
1038,11.404290490488462
1039,11.80400203254989
1040,11.836595581326762
1041,11.872472250676257
1042,11.512378871483268
1043,12.166592793234349
1044,12.274675102349402
1045,12.455657370405236
1046,12.590026032877704
1047,12.446016215408141
1048,12.309146496693842
1049,12.377135166093622
1050,12.154957235929615
1051,12.262796345847237
1052,12.288003109672129
1053,12.293240834714693
1054,11.910721849238065
1055,11.951704907829903
1056,11.800497984308016
1057,11.870381234205015
1058,12.333286696504294
1059,12.246726297054925
1060,12.170953182217158
1061,12.300609016891588
1062,11.805641627157074
1063,11.841886335658801
1064,11.879769517308443
1065,11.844575854169246
1066,11.652404421610518
1067,11.792688403650265
1068,11.794594913521419
1069,11.605182433727867
1070,12.41360016760501
1071,12.340601427353718
1072,12.177258566480656
1073,12.398226697812019
1074,12.574217135608533
1075,12.340545749207083
1076,12.269218056981387
1077,12.145224567881128
1078,12.152625958958737
1079,12.058009430357181
1080,12.106844603341623
1081,12.009187940417394
1082,11.787263327196055
1083,11.78526208580708
1084,11.80640037659672
1085,11.907414699828275
1086,11.842507163078238
1087,11.89713949546285
1088,11.99350011955612
1089,12.654426336693477
1090,11.859023481496711
1091,11.67135379162432
1092,11.378093841673273
1093,11.607162149411979
1094,11.550712914919526
1095,11.550607582177536
1096,11.695659316277837
1097,11.964424879278655
1098,11.82885952232768
1099,11.753968344308333
1100,11.88413063339423
1101,11.779571438541797
1102,11.860429735576533
1103,12.011077214023326
1104,11.742702083828403
1105,11.846382476786884
1106,11.802215381751402
1107,12.034717059130308
1108,12.078907316955956
1109,11.666117164688636
1110,11.964750180559864
1111,12.123493149531317
1112,12.358284551267898
1113,12.516215777650023
1114,11.766829272040853
1115,11.782704355234289
1116,11.929980946623425
1117,11.492093505269306
1118,11.254316491914
1119,11.830523313665683
1120,11.793202531635076
1121,11.654534107700693
1122,12.573566450915168
1123,11.984255323673969
1124,12.054192665585607
1125,12.200499511768077
1126,12.22149572397277
1127,11.928216929529471
1128,11.867770725367837
1129,12.362166448093141
1130,12.227246557699036
1131,12.352380712326704
1132,12.439553083744567
1133,12.113323726561761
1134,12.229290950651658
1135,12.702810135005723
1136,12.0786358082
1137,12.524258001447587
1138,12.65900974384589
1139,11.879213325954305
1140,11.77788555676484
1141,11.393618717592423
1142,11.42003442517411
1143,11.341742365555985
1144,11.375605971254945
1145,11.873544329359124
1146,12.0893722018886
1147,12.18278870266398
1148,12.01147252749953
1149,11.59291428516133
1150,11.823848588154746
1151,11.912721628690132
1152,11.76433558731853
1153,11.763561410943357
1154,11.943104776700961
1155,11.79438345376941
1156,12.065082185804759
1157,12.024685321643672
1158,12.29290618296741
1159,12.120555266998648
1160,12.116771995284102
1161,12.14325604094979
1162,12.416402229019544
1163,12.511083767924795
1164,12.640095039917563
1165,11.994938999021972
1166,12.141452107991242
1167,12.895162155711365
1168,13.10300152830251
1169,12.746407221509259
1170,13.023940828427715
1171,12.886141967887959
1172,12.633944248227563
1173,12.858606946223064
1174,11.910991484041128
1175,12.1559181758344
1176,12.002886627322221
1177,12.484755137596302
1178,12.099936554180694
1179,11.942590017341217
1180,11.582980577311629
1181,12.154694799422224
1182,11.55432816853635
1183,11.797080485388296
1184,11.45595717600529
1185,11.429482224404639
1186,11.504978143295006
1187,11.844846272184332
1188,11.880381858794522
1189,11.945752494962814
1190,11.96074699373261
1191,13.015096925778241
1192,12.36813295938853
1193,12.418285210511176
1194,12.814761009256909
1195,12.679621566767755
1196,12.69174940058454
1197,12.556823960609684
1198,12.608204244793347
1199,12.693586330309463
1200,12.739759308821803
1201,12.7734207755647
1202,12.535109949374803
1203,12.513349865662365
1204,12.63562499880055
1205,12.512810142148018
1206,12.063154519199463
1207,12.099685264831855
1208,12.07501037871031
1209,12.567713659936567
1210,12.104467648685226
1211,12.13691880544206
1212,12.246647605040495
1213,12.19414518384395
1214,12.055534023520009
1215,12.145289277697984
1216,12.206485249308354
1217,12.486661632419999
1218,12.537281553599499
1219,12.512189302555386
1220,12.923230377982662
1221,12.672494955171004
1222,13.125782827136652
1223,12.628403991932755
1224,12.745802965410343
1225,12.458570055595724
1226,12.644753721789089
1227,12.331457164195607
1228,12.237044526578766
1229,13.053816809544548
1230,12.133582990964344
1231,11.732000023979381
1232,12.19208927850624
1233,11.708804888374313
1234,12.154820893846347
1235,12.141748706429539
1236,12.15991917749563
1237,12.180895996794472
1238,12.098047312307008
1239,12.017402154618322
1240,11.943160553396591
1241,11.683173206020015
1242,11.806488400707629
1243,11.872339062995323
1244,11.74976726578217
1245,11.692897617346935
1246,11.740232842053143
1247,11.814768403125022
1248,11.604400588425056
1249,11.722989963602783
1250,12.494069380855413
1251,12.781743134764241
1252,12.086346906445081
1253,11.914410118273702
1254,12.069533633113839
1255,12.055578244020717
1256,12.092361550381627
1257,12.388771702790256
1258,11.96851484825917
1259,12.044250033268268
1260,11.877859478768267
1261,11.986387280651963
1262,11.86397423606529
1263,11.778829447062572
1264,11.83789972592634
1265,11.910563297853122
1266,11.95280881659004
1267,12.020616923821908
1268,11.936973479627076
1269,11.883676018282737
1270,11.699671065648294
1271,11.688012923362821
1272,11.964078782692873
1273,11.825949638488577
1274,11.798181380676361
1275,11.826552054315867
1276,11.734413986931118
1277,11.79407143811724
1278,11.974599756484597
1279,11.800259040053936
1280,11.919133336190233
1281,11.92823189733719
1282,11.90422458565109
1283,11.880581593417865
1284,11.822317069978006
1285,11.793159607498836
1286,11.974847284381399
1287,11.76314065971476
1288,11.769806992145156
1289,11.808364551900645
1290,11.73708730264541
1291,12.383885388380676
1292,11.96443268380944
1293,12.16170537432824
1294,11.759297677081944
1295,11.360641484593593
1296,11.266317188619277
1297,11.271728446519619
1298,11.968731460875883
1299,11.819529236738454
1300,11.886106652445175
1301,11.875499804697766
1302,12.10380652794011
1303,12.048726603535101
1304,12.494068274000396
1305,11.78131670651016
1306,11.427613958363315
1307,11.743235478322067
1308,11.775861538518878
1309,11.962384981319387
1310,11.716996698373663
1311,11.681160684251667
1312,11.939479690282495
1313,11.832004163062825
1314,11.67663405535608
1315,11.858368757430576
1316,11.863006306893077
1317,11.787759746256581
1318,11.708885938093477
1319,11.59443177476124
1320,11.570998458757057
1321,11.49261810756336
1322,11.548895137702981
1323,11.793711462883456
1324,11.839232166034828
1325,11.14971124636743
1326,11.626264933082691
1327,11.414736522835284
1328,12.276485705257219
1329,11.470466383375994
1330,11.669641379085983
1331,11.083067088202865
1332,11.887501123786473
1333,11.545005263834451
1334,11.685846048782325
1335,11.551061539966748
1336,12.06774439708276
1337,11.710697126969935
1338,11.68621399497461
1339,11.250632604617532
1340,11.624235165239366
1341,11.833952954785088
1342,11.871318423493097
1343,11.862197868955851
1344,11.484847536894737
1345,11.396673614035192
1346,11.952952005436487
1347,11.909878700039439
1348,11.769819186667277
1349,11.85104247492342
1350,11.944069119775314
1351,11.883679467153334
1352,11.869953049513015
1353,11.920216004038855
1354,11.578898380497165
1355,12.417660685277339
1356,11.816074000893463
1357,11.76949223466175
1358,12.09804502428441
1359,11.814420263711636
1360,11.619253877573273
1361,12.093787782531821
1362,12.303512754028253
1363,12.040564511910336
1364,11.912892533357168
1365,11.785648272408034
1366,11.823255669149935
1367,12.188510852531925
1368,12.039784395302195
1369,12.340426711397122
1370,12.15949826188113
1371,12.26744354068293
1372,12.561188877830766
1373,12.257907692231479
1374,12.29442866606668
1375,12.179427495831964
1376,12.035404074368175
1377,11.908285831079787
1378,12.08729436179037
1379,12.1774107185373
1380,12.229459234649644
1381,12.26711004058129
1382,11.92417817028537
1383,11.99071739758775
1384,11.731632106724515
1385,12.254067764088834
1386,12.184686484132207
1387,12.259442442737429
1388,12.278524025687608
1389,12.517343275903986
1390,12.389052542925947
1391,12.31554732597322
1392,12.352067034850387
1393,11.85805281285812
1394,12.165439539945329
1395,12.227871490400862
1396,12.166653227067126
1397,12.196132160867052
1398,11.826512112906132
1399,11.695272739562258
1400,11.800824418856847
1401,12.14944100063468
1402,11.671575045361244
1403,12.47823004275664
1404,11.85394364712286
1405,11.825434492572379
1406,11.41299772965206
1407,11.64850792647392
1408,11.67542138570473
1409,11.863269806414973
1410,11.563659550851332
1411,11.035187494569003
1412,11.577006278579681
1413,11.831034425172161
1414,11.674579231633828
1415,11.968872937784605
1416,11.82107258298978
1417,12.018987704679228
1418,11.878183766915507
1419,11.55202216082087
1420,11.857679499775676
1421,11.98999760790387
1422,12.020663290005576
1423,12.131983234208395
1424,12.060910330657066
1425,12.117407212405405
1426,11.55804737373902
1427,11.719277597584178
1428,11.089967585584946
1429,11.296908061940924
1430,11.8227659331615
1431,10.982654496977515
1432,11.612808537465641
1433,10.982917556703974
1434,12.644991512840928
1435,12.564033348821706
1436,12.198216165199614
1437,11.889802078283642
1438,12.346863911842304
1439,11.985576906382022
1440,12.115745533768777
1441,12.108394242800843
1442,12.724425943959158
1443,12.77358529818205
1444,11.509906563886902
1445,12.234081305908784
1446,11.660228541385422
1447,11.766601518644675
1448,11.881796099468707
1449,11.319425681890324
1450,11.381116659324153
1451,11.903963030850052
1452,11.388188011559265
1453,11.296314511820093
1454,11.328897187206673
1455,11.36738153658293
1456,11.917559925939926
1457,11.603978479153906
1458,12.348851639816903
